question_id,option_id,option_label,weighted_share,weighted_percent,weighted_n,unweighted_n,is_missing,source_url
2025-097_a_1,1,Loyalty,0.6379276511904999,63.79,637.9276511904883,637,false,https://reports.verasight.io/reports/asa-2025#which-moral-value-is-more-important-to-you
2025-097_a_1,2,Equality,0.3620723488095001,36.21,362.0723488094935,363,false,https://reports.verasight.io/reports/asa-2025#which-moral-value-is-more-important-to-you
2025-097_a_10,1,Strongly Agree,0.05126401220373465,5.13,51.26401220373372,50,false,https://reports.verasight.io/reports/asa-2025#please-indicate-the-extent-to-which-you-agree-or-disagree-with-the-following-statement-media-portrayals-of-my-race-ethnicity-reflect-the-diversity-and-complexity-of-my-experiences
2025-097_a_10,2,Agree,0.2047498749441038,20.47,204.74987494410007,203,false,https://reports.verasight.io/reports/asa-2025#please-indicate-the-extent-to-which-you-agree-or-disagree-with-the-following-statement-media-portrayals-of-my-race-ethnicity-reflect-the-diversity-and-complexity-of-my-experiences
2025-097_a_10,3,Neither Agree nor Disagree,0.47182173816989087,47.18,471.8217381698823,469,false,https://reports.verasight.io/reports/asa-2025#please-indicate-the-extent-to-which-you-agree-or-disagree-with-the-following-statement-media-portrayals-of-my-race-ethnicity-reflect-the-diversity-and-complexity-of-my-experiences
2025-097_a_10,4,Disagree,0.17111328763054443,17.11,171.11328763054132,175,false,https://reports.verasight.io/reports/asa-2025#please-indicate-the-extent-to-which-you-agree-or-disagree-with-the-following-statement-media-portrayals-of-my-race-ethnicity-reflect-the-diversity-and-complexity-of-my-experiences
2025-097_a_10,5,Strongly Disagree,0.10105108705172626,10.11,101.05108705172442,103,false,https://reports.verasight.io/reports/asa-2025#please-indicate-the-extent-to-which-you-agree-or-disagree-with-the-following-statement-media-portrayals-of-my-race-ethnicity-reflect-the-diversity-and-complexity-of-my-experiences
2025-097_a_11,1,Extremely liberal,0.09880422023395057,9.88,98.80422023394877,98,false,https://reports.verasight.io/reports/asa-2025#where-would-you-place-yourself-on-the-scale-of-political-views
2025-097_a_11,2,Liberal,0.16674024418351038,16.67,166.74024418350734,168,false,https://reports.verasight.io/reports/asa-2025#where-would-you-place-yourself-on-the-scale-of-political-views
2025-097_a_11,3,Slightly liberal,0.0924195404455607,9.24,92.41954044555901,92,false,https://reports.verasight.io/reports/asa-2025#where-would-you-place-yourself-on-the-scale-of-political-views
2025-097_a_11,4,Moderate,0.32149592773337965,32.15,321.4959277333738,318,false,https://reports.verasight.io/reports/asa-2025#where-would-you-place-yourself-on-the-scale-of-political-views
2025-097_a_11,5,Slightly conservative,0.09909068782777612,9.91,99.09068782777432,99,false,https://reports.verasight.io/reports/asa-2025#where-would-you-place-yourself-on-the-scale-of-political-views
2025-097_a_11,6,Conservative,0.1555600986416694,15.56,155.56009864166657,159,false,https://reports.verasight.io/reports/asa-2025#where-would-you-place-yourself-on-the-scale-of-political-views
2025-097_a_11,7,Extremely conservative,0.06588928093415322,6.59,65.88928093415203,66,false,https://reports.verasight.io/reports/asa-2025#where-would-you-place-yourself-on-the-scale-of-political-views
2025-097_a_12,1,Lower class,0.11010762990018147,11.01,110.10762990017946,101,false,https://reports.verasight.io/reports/asa-2025#how-would-you-describe-your-current-social-class
2025-097_a_12,2,Working class,0.2740476004118995,27.4,274.0476004118945,268,false,https://reports.verasight.io/reports/asa-2025#how-would-you-describe-your-current-social-class
2025-097_a_12,3,Middle class,0.5176528457552584,51.77,517.652845755249,531,false,https://reports.verasight.io/reports/asa-2025#how-would-you-describe-your-current-social-class
2025-097_a_12,4,Upper class,0.06870910777322935,6.87,68.7091077732281,72,false,https://reports.verasight.io/reports/asa-2025#how-would-you-describe-your-current-social-class
2025-097_a_12,5,Don't know,0.029482816159431317,2.95,29.48281615943078,28,false,https://reports.verasight.io/reports/asa-2025#how-would-you-describe-your-current-social-class
2025-097_a_14,1,Very concerned,0.36531334596836995,36.53,365.3133459683633,371,false,https://reports.verasight.io/reports/asa-2025#how-concerned-have-you-felt-about-changes-you-have-noticed-in-the-climate-since-you-were-a-child
2025-097_a_14,2,Somewhat concerned,0.3769765929770572,37.7,376.97659297705036,369,false,https://reports.verasight.io/reports/asa-2025#how-concerned-have-you-felt-about-changes-you-have-noticed-in-the-climate-since-you-were-a-child
2025-097_a_14,3,Not concerned,0.19223524532487127,19.22,192.23524532486778,194,false,https://reports.verasight.io/reports/asa-2025#how-concerned-have-you-felt-about-changes-you-have-noticed-in-the-climate-since-you-were-a-child
2025-097_a_14,4,I have not noticed any differences,0.06547481572970154,6.55,65.47481572970035,66,false,https://reports.verasight.io/reports/asa-2025#how-concerned-have-you-felt-about-changes-you-have-noticed-in-the-climate-since-you-were-a-child
2025-097_a_15,1,I have not experienced natural disasters.,0.21854856927604832,21.85,218.54856927604433,217,false,https://reports.verasight.io/reports/asa-2025#have-you-noticed-any-changes-in-your-health-when-experiencing-repeated-natural-disasters
2025-097_a_15,2,I have experienced stark changes.,0.06527622008070999,6.53,65.2762200807088,64,false,https://reports.verasight.io/reports/asa-2025#have-you-noticed-any-changes-in-your-health-when-experiencing-repeated-natural-disasters
2025-097_a_15,3,I have experienced some changes.,0.2835482298424381,28.35,283.54822984243293,282,false,https://reports.verasight.io/reports/asa-2025#have-you-noticed-any-changes-in-your-health-when-experiencing-repeated-natural-disasters
2025-097_a_15,4,I have experienced no changes.,0.329989259651305,33,329.989259651299,338,false,https://reports.verasight.io/reports/asa-2025#have-you-noticed-any-changes-in-your-health-when-experiencing-repeated-natural-disasters
2025-097_a_15,5,Unsure,0.10263772114949862,10.26,102.63772114949676,99,false,https://reports.verasight.io/reports/asa-2025#have-you-noticed-any-changes-in-your-health-when-experiencing-repeated-natural-disasters
2025-097_a_16,0,0: No pain,0.014794909113426536,1.48,14.794909113426266,14,false,https://reports.verasight.io/reports/asa-2025#on-a-scale-of-0-to-10-with-0-being-no-pain-at-all-and-10-being-the-worst-pain-imaginable-how-would-you-rate-your-pain
2025-097_a_16,1,1,0.005230309251882182,0.52,5.230309251882087,5,false,https://reports.verasight.io/reports/asa-2025#on-a-scale-of-0-to-10-with-0-being-no-pain-at-all-and-10-being-the-worst-pain-imaginable-how-would-you-rate-your-pain
2025-097_a_16,2,2,0.015293914744368038,1.53,15.29391474436776,16,false,https://reports.verasight.io/reports/asa-2025#on-a-scale-of-0-to-10-with-0-being-no-pain-at-all-and-10-being-the-worst-pain-imaginable-how-would-you-rate-your-pain
2025-097_a_16,3,3,0.0423599967968402,4.24,42.35999679683943,42,false,https://reports.verasight.io/reports/asa-2025#on-a-scale-of-0-to-10-with-0-being-no-pain-at-all-and-10-being-the-worst-pain-imaginable-how-would-you-rate-your-pain
2025-097_a_16,4,4,0.04619125243809914,4.62,46.1912524380983,45,false,https://reports.verasight.io/reports/asa-2025#on-a-scale-of-0-to-10-with-0-being-no-pain-at-all-and-10-being-the-worst-pain-imaginable-how-would-you-rate-your-pain
2025-097_a_16,5,5,0.08931983982475691,8.93,89.31983982475529,87,false,https://reports.verasight.io/reports/asa-2025#on-a-scale-of-0-to-10-with-0-being-no-pain-at-all-and-10-being-the-worst-pain-imaginable-how-would-you-rate-your-pain
2025-097_a_16,6,6,0.11098284198838002,11.1,110.982841988378,113,false,https://reports.verasight.io/reports/asa-2025#on-a-scale-of-0-to-10-with-0-being-no-pain-at-all-and-10-being-the-worst-pain-imaginable-how-would-you-rate-your-pain
2025-097_a_16,7,7,0.15720288186669562,15.72,157.20288186669276,159,false,https://reports.verasight.io/reports/asa-2025#on-a-scale-of-0-to-10-with-0-being-no-pain-at-all-and-10-being-the-worst-pain-imaginable-how-would-you-rate-your-pain
2025-097_a_16,8,8,0.22666939265806432,22.67,226.6693926580602,228,false,https://reports.verasight.io/reports/asa-2025#on-a-scale-of-0-to-10-with-0-being-no-pain-at-all-and-10-being-the-worst-pain-imaginable-how-would-you-rate-your-pain
2025-097_a_16,9,9,0.1241428236257923,12.41,124.14282362579004,127,false,https://reports.verasight.io/reports/asa-2025#on-a-scale-of-0-to-10-with-0-being-no-pain-at-all-and-10-being-the-worst-pain-imaginable-how-would-you-rate-your-pain
2025-097_a_16,10,10: Worst pain imaginable,0.16781183769169478,16.78,167.81183769169172,164,false,https://reports.verasight.io/reports/asa-2025#on-a-scale-of-0-to-10-with-0-being-no-pain-at-all-and-10-being-the-worst-pain-imaginable-how-would-you-rate-your-pain
2025-097_a_17,0,0: No pain,0.010429768172362885,1.04,10.429768172362696,10,false,https://reports.verasight.io/reports/asa-2025#on-a-scale-of-0-to-10-with-0-being-no-pain-at-all-and-10-being-the-worst-pain-imaginable-how-would-you-rate-your-pain
2025-097_a_17,1,1,0.02896030244672548,2.9,28.960302446724953,30,false,https://reports.verasight.io/reports/asa-2025#on-a-scale-of-0-to-10-with-0-being-no-pain-at-all-and-10-being-the-worst-pain-imaginable-how-would-you-rate-your-pain
2025-097_a_17,2,2,0.09001468067785094,9,90.0146806778493,92,false,https://reports.verasight.io/reports/asa-2025#on-a-scale-of-0-to-10-with-0-being-no-pain-at-all-and-10-being-the-worst-pain-imaginable-how-would-you-rate-your-pain
2025-097_a_17,3,3,0.10812597499560087,10.81,108.1259749955989,111,false,https://reports.verasight.io/reports/asa-2025#on-a-scale-of-0-to-10-with-0-being-no-pain-at-all-and-10-being-the-worst-pain-imaginable-how-would-you-rate-your-pain
2025-097_a_17,4,4,0.11952279991857537,11.95,119.5227999185732,120,false,https://reports.verasight.io/reports/asa-2025#on-a-scale-of-0-to-10-with-0-being-no-pain-at-all-and-10-being-the-worst-pain-imaginable-how-would-you-rate-your-pain
2025-097_a_17,5,5,0.13361974452636846,13.36,133.61974452636602,137,false,https://reports.verasight.io/reports/asa-2025#on-a-scale-of-0-to-10-with-0-being-no-pain-at-all-and-10-being-the-worst-pain-imaginable-how-would-you-rate-your-pain
2025-097_a_17,6,6,0.128888938317978,12.89,128.88893831797566,127,false,https://reports.verasight.io/reports/asa-2025#on-a-scale-of-0-to-10-with-0-being-no-pain-at-all-and-10-being-the-worst-pain-imaginable-how-would-you-rate-your-pain
2025-097_a_17,7,7,0.13130924745033454,13.13,131.30924745033215,131,false,https://reports.verasight.io/reports/asa-2025#on-a-scale-of-0-to-10-with-0-being-no-pain-at-all-and-10-being-the-worst-pain-imaginable-how-would-you-rate-your-pain
2025-097_a_17,8,8,0.10870959892656983,10.87,108.70959892656785,107,false,https://reports.verasight.io/reports/asa-2025#on-a-scale-of-0-to-10-with-0-being-no-pain-at-all-and-10-being-the-worst-pain-imaginable-how-would-you-rate-your-pain
2025-097_a_17,9,9,0.05933310824791168,5.93,59.3331082479106,57,false,https://reports.verasight.io/reports/asa-2025#on-a-scale-of-0-to-10-with-0-being-no-pain-at-all-and-10-being-the-worst-pain-imaginable-how-would-you-rate-your-pain
2025-097_a_17,10,10: Worst pain imaginable,0.08108583631972198,8.11,81.0858363197205,78,false,https://reports.verasight.io/reports/asa-2025#on-a-scale-of-0-to-10-with-0-being-no-pain-at-all-and-10-being-the-worst-pain-imaginable-how-would-you-rate-your-pain
2025-097_a_18,1,Stay in their home with help from you,0.2721763031274638,27.22,272.1763031274589,268,false,https://reports.verasight.io/reports/asa-2025#if-your-parent-developed-a-health-limitation-that-made-it-difficult-for-them-to-take-care-of-themselves-independently-what-would-be-your-preferred-care-arrangement-for-them
2025-097_a_18,2,Stay in their home with professional help,0.25484747182829565,25.48,254.847471828291,260,false,https://reports.verasight.io/reports/asa-2025#if-your-parent-developed-a-health-limitation-that-made-it-difficult-for-them-to-take-care-of-themselves-independently-what-would-be-your-preferred-care-arrangement-for-them
2025-097_a_18,3,Live with you,0.28080413265238213,28.08,280.804132652377,274,false,https://reports.verasight.io/reports/asa-2025#if-your-parent-developed-a-health-limitation-that-made-it-difficult-for-them-to-take-care-of-themselves-independently-what-would-be-your-preferred-care-arrangement-for-them
2025-097_a_18,4,Live in an assisted living community,0.16023973335830727,16.02,160.23973335830436,166,false,https://reports.verasight.io/reports/asa-2025#if-your-parent-developed-a-health-limitation-that-made-it-difficult-for-them-to-take-care-of-themselves-independently-what-would-be-your-preferred-care-arrangement-for-them
2025-097_a_18,5,Live in a nursing home,0.03193235903355119,3.19,31.93235903355061,32,false,https://reports.verasight.io/reports/asa-2025#if-your-parent-developed-a-health-limitation-that-made-it-difficult-for-them-to-take-care-of-themselves-independently-what-would-be-your-preferred-care-arrangement-for-them
2025-097_a_19,1,I didn't use cannabis in the past month,0.5667477995220978,56.67,566.7477995220875,574,false,https://reports.verasight.io/reports/asa-2025#please-indicate-to-extent-to-which-you-agree-or-disagree-with-the-following-statement-over-the-past-month-i-followed-a-set-of-rules-that-guided-my-cannabis-use-in-different-situations-such-as-when-or-whether-i-use-and-how-much-i-use
2025-097_a_19,2,Strongly agree,0.0731456038931776,7.31,73.14560389317627,71,false,https://reports.verasight.io/reports/asa-2025#please-indicate-to-extent-to-which-you-agree-or-disagree-with-the-following-statement-over-the-past-month-i-followed-a-set-of-rules-that-guided-my-cannabis-use-in-different-situations-such-as-when-or-whether-i-use-and-how-much-i-use
2025-097_a_19,3,Agree,0.1184290038167794,11.84,118.42900381677724,118,false,https://reports.verasight.io/reports/asa-2025#please-indicate-to-extent-to-which-you-agree-or-disagree-with-the-following-statement-over-the-past-month-i-followed-a-set-of-rules-that-guided-my-cannabis-use-in-different-situations-such-as-when-or-whether-i-use-and-how-much-i-use
2025-097_a_19,4,Neither agree or disagree,0.1283696642457123,12.84,128.36966424570997,125,false,https://reports.verasight.io/reports/asa-2025#please-indicate-to-extent-to-which-you-agree-or-disagree-with-the-following-statement-over-the-past-month-i-followed-a-set-of-rules-that-guided-my-cannabis-use-in-different-situations-such-as-when-or-whether-i-use-and-how-much-i-use
2025-097_a_19,5,Disagree,0.04452202692806625,4.45,44.522026928065436,45,false,https://reports.verasight.io/reports/asa-2025#please-indicate-to-extent-to-which-you-agree-or-disagree-with-the-following-statement-over-the-past-month-i-followed-a-set-of-rules-that-guided-my-cannabis-use-in-different-situations-such-as-when-or-whether-i-use-and-how-much-i-use
2025-097_a_19,6,Strongly disagree,0.05825258799014997,5.83,58.25258799014891,57,false,https://reports.verasight.io/reports/asa-2025#please-indicate-to-extent-to-which-you-agree-or-disagree-with-the-following-statement-over-the-past-month-i-followed-a-set-of-rules-that-guided-my-cannabis-use-in-different-situations-such-as-when-or-whether-i-use-and-how-much-i-use
2025-097_a_19,7,Refuse to answer,0.010533313604016683,1.05,10.533313604016492,10,false,https://reports.verasight.io/reports/asa-2025#please-indicate-to-extent-to-which-you-agree-or-disagree-with-the-following-statement-over-the-past-month-i-followed-a-set-of-rules-that-guided-my-cannabis-use-in-different-situations-such-as-when-or-whether-i-use-and-how-much-i-use
2025-097_a_2,1,Very well,0.22436255492595614,22.44,224.36255492595205,224,false,https://reports.verasight.io/reports/asa-2025#in-your-opinion-how-well-are-people-in-your-area-with-limited-english-proficiency-able-to-participate-in-daily-life-such-as-work-school-or-accessing-health-care-services
2025-097_a_2,2,Somewhat well,0.4152370850004847,41.52,415.2370850004771,415,false,https://reports.verasight.io/reports/asa-2025#in-your-opinion-how-well-are-people-in-your-area-with-limited-english-proficiency-able-to-participate-in-daily-life-such-as-work-school-or-accessing-health-care-services
2025-097_a_2,3,Neither well nor poorly,0.19024780454516121,19.02,190.24780454515775,190,false,https://reports.verasight.io/reports/asa-2025#in-your-opinion-how-well-are-people-in-your-area-with-limited-english-proficiency-able-to-participate-in-daily-life-such-as-work-school-or-accessing-health-care-services
2025-097_a_2,4,Somewhat poorly,0.1415103330119951,14.15,141.51033301199251,142,false,https://reports.verasight.io/reports/asa-2025#in-your-opinion-how-well-are-people-in-your-area-with-limited-english-proficiency-able-to-participate-in-daily-life-such-as-work-school-or-accessing-health-care-services
2025-097_a_2,5,Very poorly,0.028642222516402884,2.86,28.642222516402363,29,false,https://reports.verasight.io/reports/asa-2025#in-your-opinion-how-well-are-people-in-your-area-with-limited-english-proficiency-able-to-participate-in-daily-life-such-as-work-school-or-accessing-health-care-services
2025-097_a_20,1,Much higher than average,0.05477774250517427,5.48,54.77774250517327,55,false,https://reports.verasight.io/reports/asa-2025#relative-to-other-people-your-same-age-and-gender-how-high-is-your-own-cancer-risk
2025-097_a_20,2,Higher than average,0.18787935511353102,18.79,187.8793551135276,189,false,https://reports.verasight.io/reports/asa-2025#relative-to-other-people-your-same-age-and-gender-how-high-is-your-own-cancer-risk
2025-097_a_20,3,About average,0.4396385284676427,43.96,439.63852846763467,441,false,https://reports.verasight.io/reports/asa-2025#relative-to-other-people-your-same-age-and-gender-how-high-is-your-own-cancer-risk
2025-097_a_20,4,Lower than average,0.13384934285106154,13.38,133.8493428510591,136,false,https://reports.verasight.io/reports/asa-2025#relative-to-other-people-your-same-age-and-gender-how-high-is-your-own-cancer-risk
2025-097_a_20,5,Much lower than average,0.06596218890674801,6.6,65.96218890674682,66,false,https://reports.verasight.io/reports/asa-2025#relative-to-other-people-your-same-age-and-gender-how-high-is-your-own-cancer-risk
2025-097_a_20,6,Don't know,0.11789284215584252,11.79,117.89284215584037,113,false,https://reports.verasight.io/reports/asa-2025#relative-to-other-people-your-same-age-and-gender-how-high-is-your-own-cancer-risk
2025-097_a_21,1,Extremely important,0.31412329828176194,31.41,314.1232982817562,318,false,https://reports.verasight.io/reports/asa-2025#in-your-opinion-how-important-is-it-to-get-annual-cancer-screenings
2025-097_a_21,2,Very important,0.30869259199826055,30.87,308.69259199825495,307,false,https://reports.verasight.io/reports/asa-2025#in-your-opinion-how-important-is-it-to-get-annual-cancer-screenings
2025-097_a_21,3,Somewhat important,0.27410011441220944,27.41,274.10011441220445,273,false,https://reports.verasight.io/reports/asa-2025#in-your-opinion-how-important-is-it-to-get-annual-cancer-screenings
2025-097_a_21,4,Slightly important,0.0788529924587991,7.89,78.85299245879767,78,false,https://reports.verasight.io/reports/asa-2025#in-your-opinion-how-important-is-it-to-get-annual-cancer-screenings
2025-097_a_21,5,Not at all important,0.02423100284896898,2.42,24.23100284896854,24,false,https://reports.verasight.io/reports/asa-2025#in-your-opinion-how-important-is-it-to-get-annual-cancer-screenings
2025-097_a_22,1,$0-25,0.38208805893850717,38.21,382.08805893850024,373,false,https://reports.verasight.io/reports/asa-2025#if-you-have-ever-made-a-charitable-donation-what-was-the-last-amount-you-gave
2025-097_a_22,2,$26-100,0.2865022621802781,28.65,286.50226218027285,295,false,https://reports.verasight.io/reports/asa-2025#if-you-have-ever-made-a-charitable-donation-what-was-the-last-amount-you-gave
2025-097_a_22,3,$101-249,0.09238483613246422,9.24,92.38483613246254,96,false,https://reports.verasight.io/reports/asa-2025#if-you-have-ever-made-a-charitable-donation-what-was-the-last-amount-you-gave
2025-097_a_22,4,$250+,0.10722226241484083,10.72,107.22226241483888,114,false,https://reports.verasight.io/reports/asa-2025#if-you-have-ever-made-a-charitable-donation-what-was-the-last-amount-you-gave
2025-097_a_22,5,I have never made a charitable donation,0.13180258033390965,13.18,131.80258033390726,122,false,https://reports.verasight.io/reports/asa-2025#if-you-have-ever-made-a-charitable-donation-what-was-the-last-amount-you-gave
2025-097_a_23,1,Very important,0.25388605583515017,25.39,253.88605583514553,260,false,https://reports.verasight.io/reports/asa-2025#how-important-is-your-local-sports-team-to-your-city
2025-097_a_23,2,Somewhat important,0.2530364935654819,25.3,253.03649356547731,254,false,https://reports.verasight.io/reports/asa-2025#how-important-is-your-local-sports-team-to-your-city
2025-097_a_23,3,Neutral,0.28734157901792867,28.73,287.34157901792344,283,false,https://reports.verasight.io/reports/asa-2025#how-important-is-your-local-sports-team-to-your-city
2025-097_a_23,4,Somewhat unimportant,0.07075112049205591,7.08,70.75112049205462,71,false,https://reports.verasight.io/reports/asa-2025#how-important-is-your-local-sports-team-to-your-city
2025-097_a_23,5,Very unimportant,0.1349847510893834,13.5,134.98475108938095,132,false,https://reports.verasight.io/reports/asa-2025#how-important-is-your-local-sports-team-to-your-city
2025-097_a_24,1,Democrats,0.658162038752967,65.82,658.162038752955,661,false,https://reports.verasight.io/reports/asa-2025#which-political-party-brought-about-social-security-democrats-or-republicans
2025-097_a_24,2,Republicans,0.3418379612470329,34.18,341.8379612470267,339,false,https://reports.verasight.io/reports/asa-2025#which-political-party-brought-about-social-security-democrats-or-republicans
2025-097_a_25,1,0,0.099100255306975,9.91,99.1002553069732,93,false,https://reports.verasight.io/reports/asa-2025#how-many-inhabited-territories-does-the-u-s-have
2025-097_a_25,2,1-2,0.09411606128586722,9.41,94.11606128586551,95,false,https://reports.verasight.io/reports/asa-2025#how-many-inhabited-territories-does-the-u-s-have
2025-097_a_25,3,3-4,0.210705317556739,21.07,210.70531755673517,209,false,https://reports.verasight.io/reports/asa-2025#how-many-inhabited-territories-does-the-u-s-have
2025-097_a_25,4,5-6,0.28019368948087303,28.02,280.19368948086793,285,false,https://reports.verasight.io/reports/asa-2025#how-many-inhabited-territories-does-the-u-s-have
2025-097_a_25,5,7-8,0.07824755439534313,7.82,78.24755439534171,80,false,https://reports.verasight.io/reports/asa-2025#how-many-inhabited-territories-does-the-u-s-have
2025-097_a_25,6,9-10,0.038235022956759464,3.82,38.23502295675877,38,false,https://reports.verasight.io/reports/asa-2025#how-many-inhabited-territories-does-the-u-s-have
2025-097_a_25,7,11+,0.19940209901744313,19.94,199.4020990174395,200,false,https://reports.verasight.io/reports/asa-2025#how-many-inhabited-territories-does-the-u-s-have
2025-097_a_26,1,Boredom,0.10676666768603822,10.68,106.76666768603629,103,false,https://reports.verasight.io/reports/asa-2025#what-feeling-do-you-most-associate-with-taking-surveys
2025-097_a_26,2,Excitement,0.26939294983231327,26.94,269.3929498323084,272,false,https://reports.verasight.io/reports/asa-2025#what-feeling-do-you-most-associate-with-taking-surveys
2025-097_a_26,3,Frustration,0.05161327230344653,5.16,51.61327230344559,51,false,https://reports.verasight.io/reports/asa-2025#what-feeling-do-you-most-associate-with-taking-surveys
2025-097_a_26,4,Confusion,0.029519555001005098,2.95,29.519555001004562,28,false,https://reports.verasight.io/reports/asa-2025#what-feeling-do-you-most-associate-with-taking-surveys
2025-097_a_26,5,Joy,0.1868594346278781,18.69,186.8594346278747,185,false,https://reports.verasight.io/reports/asa-2025#what-feeling-do-you-most-associate-with-taking-surveys
2025-097_a_26,6,I don't feel anything,0.3558481205493188,35.58,355.84812054931234,361,false,https://reports.verasight.io/reports/asa-2025#what-feeling-do-you-most-associate-with-taking-surveys
2025-097_a_27,1,Work,0.018073057755476088,1.81,18.07305775547576,17,false,https://reports.verasight.io/reports/asa-2025#which-of-these-best-describes-the-reason-you-spend-time-on-verasight-and-other-survey-sites
2025-097_a_27,2,A gig,0.03624540184767908,3.62,36.24540184767842,36,false,https://reports.verasight.io/reports/asa-2025#which-of-these-best-describes-the-reason-you-spend-time-on-verasight-and-other-survey-sites
2025-097_a_27,3,Extra money,0.602515011106148,60.25,602.5150111061371,595,false,https://reports.verasight.io/reports/asa-2025#which-of-these-best-describes-the-reason-you-spend-time-on-verasight-and-other-survey-sites
2025-097_a_27,4,A hobby,0.07223263525654622,7.22,72.23263525654491,74,false,https://reports.verasight.io/reports/asa-2025#which-of-these-best-describes-the-reason-you-spend-time-on-verasight-and-other-survey-sites
2025-097_a_27,5,Something I do to pass the time,0.16887604208352622,16.89,168.87604208352315,172,false,https://reports.verasight.io/reports/asa-2025#which-of-these-best-describes-the-reason-you-spend-time-on-verasight-and-other-survey-sites
2025-097_a_27,6,Helping others,0.10205785195062436,10.21,102.0578519506225,106,false,https://reports.verasight.io/reports/asa-2025#which-of-these-best-describes-the-reason-you-spend-time-on-verasight-and-other-survey-sites
2025-097_a_28,1,Yes - it helps me with necessities,0.34400074914464396,34.4,344.0007491446377,332,false,https://reports.verasight.io/reports/asa-2025#does-the-money-that-you-earn-through-verasight-and-other-paid-survey-sites-make-a-meaningful-difference-in-your-life
2025-097_a_28,2,Yes - it allows me to treat myself and others,0.32742742873088726,32.74,327.42742873088133,326,false,https://reports.verasight.io/reports/asa-2025#does-the-money-that-you-earn-through-verasight-and-other-paid-survey-sites-make-a-meaningful-difference-in-your-life
2025-097_a_28,3,Yes - it allows me to save money for a rainy day,0.22441066854231048,22.44,224.4106685423064,216,false,https://reports.verasight.io/reports/asa-2025#does-the-money-that-you-earn-through-verasight-and-other-paid-survey-sites-make-a-meaningful-difference-in-your-life
2025-097_a_28,4,No - the money is too little to make a difference,0.319004761627006,31.9,319.00476162700016,331,false,https://reports.verasight.io/reports/asa-2025#does-the-money-that-you-earn-through-verasight-and-other-paid-survey-sites-make-a-meaningful-difference-in-your-life
2025-097_a_29,1,Onions,0.10090562294977959,10.09,100.90562294977775,101,false,https://reports.verasight.io/reports/asa-2025#which-vegetable-do-you-like-the-most
2025-097_a_29,2,Tomatoes,0.17562061078122873,17.56,175.62061078122554,179,false,https://reports.verasight.io/reports/asa-2025#which-vegetable-do-you-like-the-most
2025-097_a_29,3,Eggplants,0.033527231860020934,3.35,33.52723186002032,35,false,https://reports.verasight.io/reports/asa-2025#which-vegetable-do-you-like-the-most
2025-097_a_29,4,Kale,0.0208058220313367,2.08,20.80582203133632,20,false,https://reports.verasight.io/reports/asa-2025#which-vegetable-do-you-like-the-most
2025-097_a_29,5,Spinach,0.11495381549863501,11.5,114.95381549863292,116,false,https://reports.verasight.io/reports/asa-2025#which-vegetable-do-you-like-the-most
2025-097_a_29,6,Carrots,0.14272888340637804,14.27,142.72888340637545,140,false,https://reports.verasight.io/reports/asa-2025#which-vegetable-do-you-like-the-most
2025-097_a_29,7,Potatoes,0.411458013472621,41.15,411.4580134726135,409,false,https://reports.verasight.io/reports/asa-2025#which-vegetable-do-you-like-the-most
2025-097_a_3,1,Below high school,0.027005351710216553,2.7,27.00535171021606,25,false,https://reports.verasight.io/reports/asa-2025#what-level-of-education-is-needed-to-perform-your-current-job-if-currently-employed
2025-097_a_3,2,High School,0.25195467453848924,25.2,251.95467453848468,238,false,https://reports.verasight.io/reports/asa-2025#what-level-of-education-is-needed-to-perform-your-current-job-if-currently-employed
2025-097_a_3,3,Some College,0.09478889791541899,9.48,94.78889791541727,96,false,https://reports.verasight.io/reports/asa-2025#what-level-of-education-is-needed-to-perform-your-current-job-if-currently-employed
2025-097_a_3,4,Associate's degree,0.06489235322123492,6.49,64.89235322123373,65,false,https://reports.verasight.io/reports/asa-2025#what-level-of-education-is-needed-to-perform-your-current-job-if-currently-employed
2025-097_a_3,5,Bachelor's degree,0.18506434530402172,18.51,185.06434530401836,197,false,https://reports.verasight.io/reports/asa-2025#what-level-of-education-is-needed-to-perform-your-current-job-if-currently-employed
2025-097_a_3,6,Master's degree,0.06840020553426693,6.84,68.40020553426568,75,false,https://reports.verasight.io/reports/asa-2025#what-level-of-education-is-needed-to-perform-your-current-job-if-currently-employed
2025-097_a_3,7,Doctoral or professional degree,0.034228546021005786,3.42,34.228546021005165,37,false,https://reports.verasight.io/reports/asa-2025#what-level-of-education-is-needed-to-perform-your-current-job-if-currently-employed
2025-097_a_3,8,I am not currently employed,0.27366562575534586,27.37,273.6656257553409,267,false,https://reports.verasight.io/reports/asa-2025#what-level-of-education-is-needed-to-perform-your-current-job-if-currently-employed
2025-097_a_30,1,Mustard,0.8239783728102515,82.4,823.9783728102366,826,false,https://reports.verasight.io/reports/asa-2025#which-of-the-following-toppings-belong-on-a-hot-dog
2025-097_a_30,2,Relish,0.6420681972263005,64.21,642.0681972262888,643,false,https://reports.verasight.io/reports/asa-2025#which-of-the-following-toppings-belong-on-a-hot-dog
2025-097_a_30,3,Ketchup,0.7312992288882662,73.13,731.2992288882529,724,false,https://reports.verasight.io/reports/asa-2025#which-of-the-following-toppings-belong-on-a-hot-dog
2025-097_a_30,4,Mayo,0.19000734604486735,19,190.0073460448639,184,false,https://reports.verasight.io/reports/asa-2025#which-of-the-following-toppings-belong-on-a-hot-dog
2025-097_a_30,5,Onions,0.612456929322188,61.25,612.4569293221768,614,false,https://reports.verasight.io/reports/asa-2025#which-of-the-following-toppings-belong-on-a-hot-dog
2025-097_a_30,6,Peppers,0.22148830547209208,22.15,221.48830547208806,221,false,https://reports.verasight.io/reports/asa-2025#which-of-the-following-toppings-belong-on-a-hot-dog
2025-097_a_30,7,None of the above,0.015399666038886092,1.54,15.399666038885812,16,false,https://reports.verasight.io/reports/asa-2025#which-of-the-following-toppings-belong-on-a-hot-dog
2025-097_a_4,1,I don't currently have a job,0.3132710229174327,31.33,313.271022917427,304,false,https://reports.verasight.io/reports/asa-2025#thinking-of-the-tasks-you-do-in-your-job-how-much-do-you-use-ai-in-your-work
2025-097_a_4,2,None,0.2554036621358821,25.54,255.40366213587745,254,false,https://reports.verasight.io/reports/asa-2025#thinking-of-the-tasks-you-do-in-your-job-how-much-do-you-use-ai-in-your-work
2025-097_a_4,3,A Little,0.19210801309137873,19.21,192.10801309137523,196,false,https://reports.verasight.io/reports/asa-2025#thinking-of-the-tasks-you-do-in-your-job-how-much-do-you-use-ai-in-your-work
2025-097_a_4,4,Some,0.1343500149957363,13.44,134.35001499573386,140,false,https://reports.verasight.io/reports/asa-2025#thinking-of-the-tasks-you-do-in-your-job-how-much-do-you-use-ai-in-your-work
2025-097_a_4,5,A lot,0.08721993492034118,8.72,87.2199349203396,89,false,https://reports.verasight.io/reports/asa-2025#thinking-of-the-tasks-you-do-in-your-job-how-much-do-you-use-ai-in-your-work
2025-097_a_4,6,Everything,0.017647351939229016,1.76,17.647351939228695,17,false,https://reports.verasight.io/reports/asa-2025#thinking-of-the-tasks-you-do-in-your-job-how-much-do-you-use-ai-in-your-work
2025-097_a_5_1,-4,Extremely unfair underpayment,0.43275306503349703,43.28,432.7530650334892,454,false,https://reports.verasight.io/reports/asa-2025#if-you-were-paid-each-of-the-following-for-your-current-job-would-you-consider-that-to-be-20-000
2025-097_a_5_1,-3,Very unfair underpayment,0.09632410281284336,9.63,96.3241028128416,91,false,https://reports.verasight.io/reports/asa-2025#if-you-were-paid-each-of-the-following-for-your-current-job-would-you-consider-that-to-be-20-000
2025-097_a_5_1,-2,Somewhat unfair underpayment,0.06080285289435634,6.08,60.80285289435524,58,false,https://reports.verasight.io/reports/asa-2025#if-you-were-paid-each-of-the-following-for-your-current-job-would-you-consider-that-to-be-20-000
2025-097_a_5_1,-1,Slightly unfair underpayment,0.056564723816494564,5.66,56.56472381649353,53,false,https://reports.verasight.io/reports/asa-2025#if-you-were-paid-each-of-the-following-for-your-current-job-would-you-consider-that-to-be-20-000
2025-097_a_5_1,0,Fair pay,0.08097904025750391,8.1,80.97904025750243,78,false,https://reports.verasight.io/reports/asa-2025#if-you-were-paid-each-of-the-following-for-your-current-job-would-you-consider-that-to-be-20-000
2025-097_a_5_1,1,Slightly unfair overpayment,0.009258184775110473,0.93,9.258184775110305,9,false,https://reports.verasight.io/reports/asa-2025#if-you-were-paid-each-of-the-following-for-your-current-job-would-you-consider-that-to-be-20-000
2025-097_a_5_1,2,Somewhat unfair overpayment,0.009747069065727035,0.97,9.747069065726858,9,false,https://reports.verasight.io/reports/asa-2025#if-you-were-paid-each-of-the-following-for-your-current-job-would-you-consider-that-to-be-20-000
2025-097_a_5_1,3,Very unfair overpayment,0.007470276388735841,0.75,7.470276388735705,7,false,https://reports.verasight.io/reports/asa-2025#if-you-were-paid-each-of-the-following-for-your-current-job-would-you-consider-that-to-be-20-000
2025-097_a_5_1,4,Extremely unfair overpayment,0.0062675035349450976,0.63,6.267503534944984,6,false,https://reports.verasight.io/reports/asa-2025#if-you-were-paid-each-of-the-following-for-your-current-job-would-you-consider-that-to-be-20-000
2025-097_a_5_1,8,I am not employed,0.23983318142078633,23.98,239.83318142078195,235,false,https://reports.verasight.io/reports/asa-2025#if-you-were-paid-each-of-the-following-for-your-current-job-would-you-consider-that-to-be-20-000
2025-097_a_5_2,-4,Extremely unfair underpayment,0.3476568431157007,34.77,347.6568431156944,368,false,https://reports.verasight.io/reports/asa-2025#if-you-were-paid-each-of-the-following-for-your-current-job-would-you-consider-that-to-be-30-000
2025-097_a_5_2,-3,Very unfair underpayment,0.104385214834871,10.44,104.3852148348691,105,false,https://reports.verasight.io/reports/asa-2025#if-you-were-paid-each-of-the-following-for-your-current-job-would-you-consider-that-to-be-30-000
2025-097_a_5_2,-2,Somewhat unfair underpayment,0.09512024919799775,9.51,95.12024919799602,90,false,https://reports.verasight.io/reports/asa-2025#if-you-were-paid-each-of-the-following-for-your-current-job-would-you-consider-that-to-be-30-000
2025-097_a_5_2,-1,Slightly unfair underpayment,0.0618839462149129,6.19,61.883946214911774,58,false,https://reports.verasight.io/reports/asa-2025#if-you-were-paid-each-of-the-following-for-your-current-job-would-you-consider-that-to-be-30-000
2025-097_a_5_2,0,Fair pay,0.10954394024290708,10.95,109.54394024290508,104,false,https://reports.verasight.io/reports/asa-2025#if-you-were-paid-each-of-the-following-for-your-current-job-would-you-consider-that-to-be-30-000
2025-097_a_5_2,1,Slightly unfair overpayment,0.01690144291504145,1.69,16.901442915041144,16,false,https://reports.verasight.io/reports/asa-2025#if-you-were-paid-each-of-the-following-for-your-current-job-would-you-consider-that-to-be-30-000
2025-097_a_5_2,2,Somewhat unfair overpayment,0.008069277683814529,0.81,8.069277683814382,8,false,https://reports.verasight.io/reports/asa-2025#if-you-were-paid-each-of-the-following-for-your-current-job-would-you-consider-that-to-be-30-000
2025-097_a_5_2,3,Very unfair overpayment,0.011205233955868846,1.12,11.205233955868643,11,false,https://reports.verasight.io/reports/asa-2025#if-you-were-paid-each-of-the-following-for-your-current-job-would-you-consider-that-to-be-30-000
2025-097_a_5_2,4,Extremely unfair overpayment,0.005400670418099399,0.54,5.400670418099301,5,false,https://reports.verasight.io/reports/asa-2025#if-you-were-paid-each-of-the-following-for-your-current-job-would-you-consider-that-to-be-30-000
2025-097_a_5_2,8,I am not employed,0.23983318142078633,23.98,239.83318142078195,235,false,https://reports.verasight.io/reports/asa-2025#if-you-were-paid-each-of-the-following-for-your-current-job-would-you-consider-that-to-be-30-000
2025-097_a_5_3,-4,Extremely unfair underpayment,0.21979426775364383,21.98,219.79426775363984,236,false,https://reports.verasight.io/reports/asa-2025#if-you-were-paid-each-of-the-following-for-your-current-job-would-you-consider-that-to-be-45-000
2025-097_a_5_3,-3,Very unfair underpayment,0.09560527439469005,9.56,95.60527439468831,99,false,https://reports.verasight.io/reports/asa-2025#if-you-were-paid-each-of-the-following-for-your-current-job-would-you-consider-that-to-be-45-000
2025-097_a_5_3,-2,Somewhat unfair underpayment,0.09504906546780968,9.5,95.04906546780795,97,false,https://reports.verasight.io/reports/asa-2025#if-you-were-paid-each-of-the-following-for-your-current-job-would-you-consider-that-to-be-45-000
2025-097_a_5_3,-1,Slightly unfair underpayment,0.09117380771760712,9.12,91.17380771760547,88,false,https://reports.verasight.io/reports/asa-2025#if-you-were-paid-each-of-the-following-for-your-current-job-would-you-consider-that-to-be-45-000
2025-097_a_5_3,0,Fair pay,0.17797886624598414,17.8,177.9788662459809,168,false,https://reports.verasight.io/reports/asa-2025#if-you-were-paid-each-of-the-following-for-your-current-job-would-you-consider-that-to-be-45-000
2025-097_a_5_3,1,Slightly unfair overpayment,0.038442049343318796,3.84,38.4420493433181,37,false,https://reports.verasight.io/reports/asa-2025#if-you-were-paid-each-of-the-following-for-your-current-job-would-you-consider-that-to-be-45-000
2025-097_a_5_3,2,Somewhat unfair overpayment,0.019705325910534754,1.97,19.705325910534395,19,false,https://reports.verasight.io/reports/asa-2025#if-you-were-paid-each-of-the-following-for-your-current-job-would-you-consider-that-to-be-45-000
2025-097_a_5_3,3,Very unfair overpayment,0.010822466647651142,1.08,10.822466647650945,10,false,https://reports.verasight.io/reports/asa-2025#if-you-were-paid-each-of-the-following-for-your-current-job-would-you-consider-that-to-be-45-000
2025-097_a_5_3,4,Extremely unfair overpayment,0.011595695097974167,1.16,11.595695097973955,11,false,https://reports.verasight.io/reports/asa-2025#if-you-were-paid-each-of-the-following-for-your-current-job-would-you-consider-that-to-be-45-000
2025-097_a_5_3,8,I am not employed,0.23983318142078633,23.98,239.83318142078195,235,false,https://reports.verasight.io/reports/asa-2025#if-you-were-paid-each-of-the-following-for-your-current-job-would-you-consider-that-to-be-45-000
2025-097_a_5_4,-4,Extremely unfair underpayment,0.1143721845395975,11.44,114.37218453959541,125,false,https://reports.verasight.io/reports/asa-2025#if-you-were-paid-each-of-the-following-for-your-current-job-would-you-consider-that-to-be-62-000
2025-097_a_5_4,-3,Very unfair underpayment,0.05256611446644203,5.26,52.56611446644107,56,false,https://reports.verasight.io/reports/asa-2025#if-you-were-paid-each-of-the-following-for-your-current-job-would-you-consider-that-to-be-62-000
2025-097_a_5_4,-2,Somewhat unfair underpayment,0.07218685127158167,7.22,72.18685127158035,75,false,https://reports.verasight.io/reports/asa-2025#if-you-were-paid-each-of-the-following-for-your-current-job-would-you-consider-that-to-be-62-000
2025-097_a_5_4,-1,Slightly unfair underpayment,0.08391193605764138,8.39,83.91193605763986,85,false,https://reports.verasight.io/reports/asa-2025#if-you-were-paid-each-of-the-following-for-your-current-job-would-you-consider-that-to-be-62-000
2025-097_a_5_4,0,Fair pay,0.3057398326951155,30.57,305.73983269510995,298,false,https://reports.verasight.io/reports/asa-2025#if-you-were-paid-each-of-the-following-for-your-current-job-would-you-consider-that-to-be-62-000
2025-097_a_5_4,1,Slightly unfair overpayment,0.05230052495165272,5.23,52.300524951651774,51,false,https://reports.verasight.io/reports/asa-2025#if-you-were-paid-each-of-the-following-for-your-current-job-would-you-consider-that-to-be-62-000
2025-097_a_5_4,2,Somewhat unfair overpayment,0.03981582212315,3.98,39.815822123149275,37,false,https://reports.verasight.io/reports/asa-2025#if-you-were-paid-each-of-the-following-for-your-current-job-would-you-consider-that-to-be-62-000
2025-097_a_5_4,3,Very unfair overpayment,0.02043027494895742,2.04,20.43027494895705,20,false,https://reports.verasight.io/reports/asa-2025#if-you-were-paid-each-of-the-following-for-your-current-job-would-you-consider-that-to-be-62-000
2025-097_a_5_4,4,Extremely unfair overpayment,0.018843277525075496,1.88,18.843277525075152,18,false,https://reports.verasight.io/reports/asa-2025#if-you-were-paid-each-of-the-following-for-your-current-job-would-you-consider-that-to-be-62-000
2025-097_a_5_4,8,I am not employed,0.23983318142078633,23.98,239.83318142078195,235,false,https://reports.verasight.io/reports/asa-2025#if-you-were-paid-each-of-the-following-for-your-current-job-would-you-consider-that-to-be-62-000
2025-097_a_5_5,-4,Extremely unfair underpayment,0.05507760922880343,5.51,55.07760922880242,60,false,https://reports.verasight.io/reports/asa-2025#if-you-were-paid-each-of-the-following-for-your-current-job-would-you-consider-that-to-be-90-000
2025-097_a_5_5,-3,Very unfair underpayment,0.020025262855258914,2,20.02526285525855,21,false,https://reports.verasight.io/reports/asa-2025#if-you-were-paid-each-of-the-following-for-your-current-job-would-you-consider-that-to-be-90-000
2025-097_a_5_5,-2,Somewhat unfair underpayment,0.026368501214657503,2.64,26.368501214657023,27,false,https://reports.verasight.io/reports/asa-2025#if-you-were-paid-each-of-the-following-for-your-current-job-would-you-consider-that-to-be-90-000
2025-097_a_5_5,-1,Slightly unfair underpayment,0.054087332438675306,5.41,54.08733243867432,58,false,https://reports.verasight.io/reports/asa-2025#if-you-were-paid-each-of-the-following-for-your-current-job-would-you-consider-that-to-be-90-000
2025-097_a_5_5,0,Fair pay,0.3330481913511702,33.3,333.0481913511641,336,false,https://reports.verasight.io/reports/asa-2025#if-you-were-paid-each-of-the-following-for-your-current-job-would-you-consider-that-to-be-90-000
2025-097_a_5_5,1,Slightly unfair overpayment,0.08510732805494574,8.51,85.10732805494419,82,false,https://reports.verasight.io/reports/asa-2025#if-you-were-paid-each-of-the-following-for-your-current-job-would-you-consider-that-to-be-90-000
2025-097_a_5_5,2,Somewhat unfair overpayment,0.07434393610088053,7.43,74.34393610087918,72,false,https://reports.verasight.io/reports/asa-2025#if-you-were-paid-each-of-the-following-for-your-current-job-would-you-consider-that-to-be-90-000
2025-097_a_5_5,3,Very unfair overpayment,0.0616670331620001,6.17,61.66703316199897,60,false,https://reports.verasight.io/reports/asa-2025#if-you-were-paid-each-of-the-following-for-your-current-job-would-you-consider-that-to-be-90-000
2025-097_a_5_5,4,Extremely unfair overpayment,0.05044162417282203,5.04,50.441624172821115,49,false,https://reports.verasight.io/reports/asa-2025#if-you-were-paid-each-of-the-following-for-your-current-job-would-you-consider-that-to-be-90-000
2025-097_a_5_5,8,I am not employed,0.23983318142078633,23.98,239.83318142078195,235,false,https://reports.verasight.io/reports/asa-2025#if-you-were-paid-each-of-the-following-for-your-current-job-would-you-consider-that-to-be-90-000
2025-097_a_5_6,-4,Extremely unfair underpayment,0.02280934567768062,2.28,22.809345677680206,24,false,https://reports.verasight.io/reports/asa-2025#if-you-were-paid-each-of-the-following-for-your-current-job-would-you-consider-that-to-be-125-000
2025-097_a_5_6,-3,Very unfair underpayment,0.014342248097476414,1.43,14.342248097476153,16,false,https://reports.verasight.io/reports/asa-2025#if-you-were-paid-each-of-the-following-for-your-current-job-would-you-consider-that-to-be-125-000
2025-097_a_5_6,-2,Somewhat unfair underpayment,0.02319385186796748,2.32,23.19385186796706,25,false,https://reports.verasight.io/reports/asa-2025#if-you-were-paid-each-of-the-following-for-your-current-job-would-you-consider-that-to-be-125-000
2025-097_a_5_6,-1,Slightly unfair underpayment,0.0347399111975096,3.47,34.73991119750897,34,false,https://reports.verasight.io/reports/asa-2025#if-you-were-paid-each-of-the-following-for-your-current-job-would-you-consider-that-to-be-125-000
2025-097_a_5_6,0,Fair pay,0.2701333497508005,27.01,270.13334975079556,274,false,https://reports.verasight.io/reports/asa-2025#if-you-were-paid-each-of-the-following-for-your-current-job-would-you-consider-that-to-be-125-000
2025-097_a_5_6,1,Slightly unfair overpayment,0.10873083476137253,10.87,108.73083476137056,111,false,https://reports.verasight.io/reports/asa-2025#if-you-were-paid-each-of-the-following-for-your-current-job-would-you-consider-that-to-be-125-000
2025-097_a_5_6,2,Somewhat unfair overpayment,0.0831503707479046,8.32,83.15037074790308,83,false,https://reports.verasight.io/reports/asa-2025#if-you-were-paid-each-of-the-following-for-your-current-job-would-you-consider-that-to-be-125-000
2025-097_a_5_6,3,Very unfair overpayment,0.09562055507839266,9.56,95.62055507839092,94,false,https://reports.verasight.io/reports/asa-2025#if-you-were-paid-each-of-the-following-for-your-current-job-would-you-consider-that-to-be-125-000
2025-097_a_5_6,4,Extremely unfair overpayment,0.10744635140010932,10.74,107.44635140010736,104,false,https://reports.verasight.io/reports/asa-2025#if-you-were-paid-each-of-the-following-for-your-current-job-would-you-consider-that-to-be-125-000
2025-097_a_5_6,8,I am not employed,0.23983318142078633,23.98,239.83318142078195,235,false,https://reports.verasight.io/reports/asa-2025#if-you-were-paid-each-of-the-following-for-your-current-job-would-you-consider-that-to-be-125-000
2025-097_a_5_7,-4,Extremely unfair underpayment,0.013409865792682784,1.34,13.40986579268254,13,false,https://reports.verasight.io/reports/asa-2025#if-you-were-paid-each-of-the-following-for-your-current-job-would-you-consider-that-to-be-170-000
2025-097_a_5_7,-3,Very unfair underpayment,0.0017173589705924718,0.17,1.7173589705924406,2,false,https://reports.verasight.io/reports/asa-2025#if-you-were-paid-each-of-the-following-for-your-current-job-would-you-consider-that-to-be-170-000
2025-097_a_5_7,-2,Somewhat unfair underpayment,0.009042915899352523,0.9,9.042915899352359,10,false,https://reports.verasight.io/reports/asa-2025#if-you-were-paid-each-of-the-following-for-your-current-job-would-you-consider-that-to-be-170-000
2025-097_a_5_7,-1,Slightly unfair underpayment,0.020945033374133466,2.09,20.945033374133086,22,false,https://reports.verasight.io/reports/asa-2025#if-you-were-paid-each-of-the-following-for-your-current-job-would-you-consider-that-to-be-170-000
2025-097_a_5_7,0,Fair pay,0.21636469937756636,21.64,216.36469937756243,218,false,https://reports.verasight.io/reports/asa-2025#if-you-were-paid-each-of-the-following-for-your-current-job-would-you-consider-that-to-be-170-000
2025-097_a_5_7,1,Slightly unfair overpayment,0.08417314226861325,8.42,84.17314226861171,85,false,https://reports.verasight.io/reports/asa-2025#if-you-were-paid-each-of-the-following-for-your-current-job-would-you-consider-that-to-be-170-000
2025-097_a_5_7,2,Somewhat unfair overpayment,0.10400307422001732,10.4,104.00307422001544,107,false,https://reports.verasight.io/reports/asa-2025#if-you-were-paid-each-of-the-following-for-your-current-job-would-you-consider-that-to-be-170-000
2025-097_a_5_7,3,Very unfair overpayment,0.103545525942612,10.35,103.54552594261011,104,false,https://reports.verasight.io/reports/asa-2025#if-you-were-paid-each-of-the-following-for-your-current-job-would-you-consider-that-to-be-170-000
2025-097_a_5_7,4,Extremely unfair overpayment,0.20696520273364352,20.7,206.96520273363976,204,false,https://reports.verasight.io/reports/asa-2025#if-you-were-paid-each-of-the-following-for-your-current-job-would-you-consider-that-to-be-170-000
2025-097_a_5_7,8,I am not employed,0.23983318142078633,23.98,239.83318142078195,235,false,https://reports.verasight.io/reports/asa-2025#if-you-were-paid-each-of-the-following-for-your-current-job-would-you-consider-that-to-be-170-000
2025-097_a_6,1,Green space,0.06665576715631474,6.67,66.65576715631353,69,false,https://reports.verasight.io/reports/asa-2025#in-your-opinion-what-quality-most-makes-you-consider-a-neighborhood-to-be-desirable
2025-097_a_6,2,Affordability,0.2575316353993624,25.75,257.53163539935775,251,false,https://reports.verasight.io/reports/asa-2025#in-your-opinion-what-quality-most-makes-you-consider-a-neighborhood-to-be-desirable
2025-097_a_6,3,Walkability,0.08191067460685647,8.19,81.91067460685498,82,false,https://reports.verasight.io/reports/asa-2025#in-your-opinion-what-quality-most-makes-you-consider-a-neighborhood-to-be-desirable
2025-097_a_6,4,Crime and Safety,0.4534696464009827,45.35,453.46964640097445,458,false,https://reports.verasight.io/reports/asa-2025#in-your-opinion-what-quality-most-makes-you-consider-a-neighborhood-to-be-desirable
2025-097_a_6,5,Entertainment,0.024157317802265918,2.42,24.157317802265478,24,false,https://reports.verasight.io/reports/asa-2025#in-your-opinion-what-quality-most-makes-you-consider-a-neighborhood-to-be-desirable
2025-097_a_6,6,Architecture,0.02856375158579709,2.86,28.56375158579657,28,false,https://reports.verasight.io/reports/asa-2025#in-your-opinion-what-quality-most-makes-you-consider-a-neighborhood-to-be-desirable
2025-097_a_6,7,Local Neighborhood Group Presence,0.05519448610476532,5.52,55.194486104764316,54,false,https://reports.verasight.io/reports/asa-2025#in-your-opinion-what-quality-most-makes-you-consider-a-neighborhood-to-be-desirable
2025-097_a_6,8,Other,0.03251672094365538,3.25,32.51672094365479,34,false,https://reports.verasight.io/reports/asa-2025#in-your-opinion-what-quality-most-makes-you-consider-a-neighborhood-to-be-desirable
2025-097_a_7,1,Interest rates,0.7014617503712414,70.15,701.4617503712286,710,false,https://reports.verasight.io/reports/asa-2025#which-of-the-following-factors-would-you-consider-most-important-when-choosing-a-mortgage-lender-during-the-home-buying-process
2025-097_a_7,2,Approval process speed,0.42447865337716384,42.45,424.4786533771561,427,false,https://reports.verasight.io/reports/asa-2025#which-of-the-following-factors-would-you-consider-most-important-when-choosing-a-mortgage-lender-during-the-home-buying-process
2025-097_a_7,3,Availability of online or mobile application options,0.24413824891000696,24.41,244.13824891000252,242,false,https://reports.verasight.io/reports/asa-2025#which-of-the-following-factors-would-you-consider-most-important-when-choosing-a-mortgage-lender-during-the-home-buying-process
2025-097_a_7,4,Lender's reputation for fairness in dealing with applicants of different races or ethnicities,0.3487522791251312,34.88,348.75227912512486,349,false,https://reports.verasight.io/reports/asa-2025#which-of-the-following-factors-would-you-consider-most-important-when-choosing-a-mortgage-lender-during-the-home-buying-process
2025-097_a_7,5,Lender's reputation for supporting sustainable or climate-conscious housing practices,0.1959978292453373,19.6,195.99782924533372,194,false,https://reports.verasight.io/reports/asa-2025#which-of-the-following-factors-would-you-consider-most-important-when-choosing-a-mortgage-lender-during-the-home-buying-process
2025-097_a_7,6,"Financial incentives or discounts (e.g. lower fees, down payment assistance)",0.5679878646866997,56.8,567.9878646866894,570,false,https://reports.verasight.io/reports/asa-2025#which-of-the-following-factors-would-you-consider-most-important-when-choosing-a-mortgage-lender-during-the-home-buying-process
2025-097_a_7,7,None of the above,0.059365481745872486,5.94,59.365481745871406,55,false,https://reports.verasight.io/reports/asa-2025#which-of-the-following-factors-would-you-consider-most-important-when-choosing-a-mortgage-lender-during-the-home-buying-process
2025-097_a_8,1,1: I absolutely trust these data,0.06665503954444801,6.67,66.65503954444681,66,false,https://reports.verasight.io/reports/asa-2025#to-what-degree-to-you-trust-these-data
2025-097_a_8,2,2,0.1229270566052548,12.29,122.92705660525256,127,false,https://reports.verasight.io/reports/asa-2025#to-what-degree-to-you-trust-these-data
2025-097_a_8,3,3,0.1696574164657969,16.97,169.65741646579383,172,false,https://reports.verasight.io/reports/asa-2025#to-what-degree-to-you-trust-these-data
2025-097_a_8,4,4,0.32716579858991307,32.72,327.1657985899071,324,false,https://reports.verasight.io/reports/asa-2025#to-what-degree-to-you-trust-these-data
2025-097_a_8,5,5,0.16259606280948935,16.26,162.5960628094864,163,false,https://reports.verasight.io/reports/asa-2025#to-what-degree-to-you-trust-these-data
2025-097_a_8,6,6,0.05409495344127755,5.41,54.094953441276566,54,false,https://reports.verasight.io/reports/asa-2025#to-what-degree-to-you-trust-these-data
2025-097_a_8,7,7: I absolutely do not trust these data,0.09690367254382033,9.69,96.90367254381857,94,false,https://reports.verasight.io/reports/asa-2025#to-what-degree-to-you-trust-these-data
2025-097_a_9,1,1: Not at all similar,0.04849839936089297,4.85,48.498399360892094,47,false,https://reports.verasight.io/reports/asa-2025#how-much-do-you-think-close-others-see-you-in-the-way-you-see-yourself
2025-097_a_9,2,2,0.026978139168606415,2.7,26.978139168605924,27,false,https://reports.verasight.io/reports/asa-2025#how-much-do-you-think-close-others-see-you-in-the-way-you-see-yourself
2025-097_a_9,3,3,0.08844035194042296,8.84,88.44035194042135,84,false,https://reports.verasight.io/reports/asa-2025#how-much-do-you-think-close-others-see-you-in-the-way-you-see-yourself
2025-097_a_9,4,4,0.27459055492942985,27.46,274.59055492942485,272,false,https://reports.verasight.io/reports/asa-2025#how-much-do-you-think-close-others-see-you-in-the-way-you-see-yourself
2025-097_a_9,5,5,0.23336282090662366,23.34,233.36282090661942,235,false,https://reports.verasight.io/reports/asa-2025#how-much-do-you-think-close-others-see-you-in-the-way-you-see-yourself
2025-097_a_9,6,6,0.13994782888913673,13.99,139.9478288891342,143,false,https://reports.verasight.io/reports/asa-2025#how-much-do-you-think-close-others-see-you-in-the-way-you-see-yourself
2025-097_a_9,7,7: Completely similar,0.18818190480488742,18.82,188.181904804884,192,false,https://reports.verasight.io/reports/asa-2025#how-much-do-you-think-close-others-see-you-in-the-way-you-see-yourself
2026-044_q3_17,1,Extremely worried,0.24968056470482694,24.97,249.6805647048224,251,false,https://reports.verasight.io/reports/omnibus-2026-044#q-3-17
2026-044_q3_17,2,Somewhat worried,0.3144566707684367,31.45,314.45667076843097,317,false,https://reports.verasight.io/reports/omnibus-2026-044#q-3-17
2026-044_q3_17,3,Neutral,0.2069327446084272,20.69,206.93274460842343,200,false,https://reports.verasight.io/reports/omnibus-2026-044#q-3-17
2026-044_q3_17,4,Not very worried,0.09353320101302985,9.35,93.53320101302815,94,false,https://reports.verasight.io/reports/omnibus-2026-044#q-3-17
2026-044_q3_17,5,Not worried at all,0.13539681890527933,13.54,135.39681890527686,138,false,https://reports.verasight.io/reports/omnibus-2026-044#q-3-17
